<!DOCTYPE mapper PUBLIC "-//mybatis.org//DTD Mapper 3.0//EN"
"http://mybatis.org/dtd/mybatis-3-mapper.dtd">
<mapper namespace="com.project.sc.dao.SchoolDAO">
	<resultMap id="memResult" type="SchoolVO">
		<result property="attendance_no" column="attendance_no" />
		<result property="st_no" column="st_no" />
		<result property="attendance_date" column="attendance_date" />
		<result property="attendance_status" column="attendance_status" />
		<result property="board_no" column="board_no" />
		<result property="title" column="title" />
		<result property="article" column="article" />
		<result property="cre_date" column="cre_date" />
		<result property="grade_no" column="grade_no" />
		<result property="sub_no" column="sub_no" />
		<result property="senester" column="senester" />
		<result property="score" column="score" />
		<result property="st_name" column="st_name" />
		<result property="st_birth" column="st_birth" />
		<result property="st_gender" column="st_gender" />
		<result property="st_addr" column="st_addr" />
		<result property="st_phone" column="st_phone" />
		<result property="st_parent_phone" column="st_parent_phone" />
		<result property="st_grade" column="st_grade" />
		<result property="tc_no" column="tc_no" />
		<result property="st_statuts" column="st_statuts" />
		<result property="sub_name" column="sub_name" />
		<result property="tc_name" column="tc_name" />
		<result property="tc_birth" column="tc_birth" />
		<result property="tc_gender" column="tc_gender" />
		<result property="tc_addr" column="tc_addr" />
		<result property="tc_phone" column="tc_phone" />
		<result property="tc_hired" column="tc_hired" />
		<result property="user_id" column="user_id" />
		<result property="user_pwd" column="user_pwd" />
		<result property="user_grant" column="user_grant" />
		<result property="tc_status" column="tc_status" />
	</resultMap>


</mapper>