<!DOCTYPE mapper PUBLIC "-//mybatis.org//DTD Mapper 3.0//EN"
"http://mybatis.org/dtd/mybatis-3-mapper.dtd">
<mapper namespace="com.project.sc.dao.SchoolDAO">
	<resultMap id="Result" type="SchoolVO">
		<result property="attendance_no" column="attendance_no" />
		<result property="st_no" column="st_no" />
		<result property="attendance_date" column="attendance_date" />
		<result property="attendance_status" column="attendance_status" />
		<result property="board_no" column="board_no" />
		<result property="title" column="title" />
		<result property="article" column="article" />
		<result property="cre_date" column="cre_date" />
		<result property="grade_no" column="grade_no" />
		<result property="sub_no" column="sub_no" />
		<result property="senester" column="senester" />
		<result property="score" column="score" />
		<result property="st_name" column="st_name" />
		<result property="st_birth" column="st_birth" />
		<result property="st_gender" column="st_gender" />
		<result property="st_addr" column="st_addr" />
		<result property="st_phone" column="st_phone" />
		<result property="st_parent_phone" column="st_parent_phone" />
		<result property="st_grade" column="st_grade" />
		<result property="tc_no" column="tc_no" />
		<result property="st_statuts" column="st_statuts" />
		<result property="sub_name" column="sub_name" />
		<result property="tc_name" column="tc_name" />
		<result property="tc_birth" column="tc_birth" />
		<result property="tc_gender" column="tc_gender" />
		<result property="tc_addr" column="tc_addr" />
		<result property="tc_phone" column="tc_phone" />
		<result property="tc_hired" column="tc_hired" />
		<result property="user_id" column="user_id" />
		<result property="user_pwd" column="user_pwd" />
		<result property="user_grant" column="user_grant" />
		<result property="tc_status" column="tc_status" />
	</resultMap>

	<!--학생 목록 조회 -->
	<select id="StudentList" resultMap="Result">
		select *
		from student
		order by st_no
	</select>

    <!-- 학생 번호로 학생 상세 정보 조회 -->
    <select id="getStudentByNo" resultMap="Result">
        select *
        from student
       	where st_no = #{stNo}
    </select>

	<!--선생 목록 조회 -->
	<select id="TeacherList" resultMap="Result">
		select *
		from teacher
		order by tc_no
	</select>

    <!-- 선생 번호로 선생 상세 정보 조회 -->
    <select id="getTeacherByNo" resultMap="Result">
        select *
        from teacher
       	where tc_no = #{tcNo}
    </select>
    
<!--     선생 테이블에서 과목번호로 과목명 가져오기-->
<!--    <select id="getSubjectByNo" resultMap="Result">-->
<!--    	select teacher.*, subject.sub_name-->
<!--    	from teacher-->
<!--    	join subject on teacher.sub_no = subject.sub_no;-->
<!--    </select>-->
    
    <!-- 선생 번호로 담당 학생번호, 학생명 조회(담임학급 학생 조회) -->
    <select id="findByTcNo" resultMap="Result">
    	select student.st_no, student.st_name
    	from student
    	join teacher on student.tc_no = teacher.tc_no
    	where student.tc_no = #{tcNo}
    </select>
    
    <!--선생 번호로 선생 번호, 선생명 조회(담임학급 학생 조회 - 담임선생님 불러오기) -->
    <select id="findTcNameByTcNo" resultMap="Result">
        select tc_no, tc_name
        from teacher 
        where tc_no = #{tcNo}
    </select>
    
    <!-- 선생 번호로 담당 과목 및 성적 조회 -->
    <select id="subjectGradesByTcNo" resultMap="Result">
		select grade.grade_no, grade.st_no, grade.sub_no, grade.semester, grade.score, teacher.tc_name
		from grade
		join subject ON grade.sub_no = subject.sub_no
		join teacher ON subject.sub_no = teacher.sub_no
		where teacher.tc_no = #{tcNo}
    </select>
</mapper>