<!DOCTYPE mapper PUBLIC "-//mybatis.org//DTD Mapper 3.0//EN"
"http://mybatis.org/dtd/mybatis-3-mapper.dtd">
<mapper namespace="com.project.sc.dao.SchoolDAO">
	<resultMap id="Result" type="SchoolVO">
		<result property="attendance_no" column="attendance_no" />
		<result property="st_no" column="st_no" />
		<result property="attendance_date" column="attendance_date" />
		<result property="attendance_status" column="attendance_status" />
		<result property="board_no" column="board_no" />
		<result property="title" column="title" />
		<result property="article" column="article" />
		<result property="cre_date" column="cre_date" />
		<result property="grade_no" column="grade_no" />
		<result property="sub_no" column="sub_no" />
		<result property="semester" column="semester" />
		<result property="score" column="score" />
		<result property="st_name" column="st_name" />
		<result property="st_birth" column="st_birth" />
		<result property="st_gender" column="st_gender" />
		<result property="st_addr" column="st_addr" />
		<result property="st_phone" column="st_phone" />
		<result property="st_parent_phone" column="st_parent_phone" />
		<result property="st_grade" column="st_grade" />
		<result property="tc_no" column="tc_no" />
		<result property="st_statuts" column="st_statuts" />
		<result property="sub_name" column="sub_name" />
		<result property="tc_name" column="tc_name" />
		<result property="tc_birth" column="tc_birth" />
		<result property="tc_gender" column="tc_gender" />
		<result property="tc_addr" column="tc_addr" />
		<result property="tc_phone" column="tc_phone" />
		<result property="tc_hired" column="tc_hired" />
		<result property="user_id" column="user_id" />
		<result property="user_pwd" column="user_pwd" />
		<result property="user_grant" column="user_grant" />
		<result property="tc_status" column="tc_status" />
	</resultMap>

	<!-- 학생정보 리스트 -->
	<select id="StudentList" resultMap="Result">
		select *
		from student
		order by st_no
	</select>

    <!-- 학생 번호로 학생 정보 가져오기 -->
    <select id="InfoStudent" resultMap="Result">
        select *
        from student
        where st_no = #{stNo}
    </select>
    
    <!-- 학생 신규 등록하기 -->
   	<insert id="InsertStudent" parameterType="schoolVO">
		insert into 
		student(st_no, st_name, st_birth, st_gender, st_addr, st_phone, st_parent_phone, st_grade, tc_no)
		values(#{st_no}, #{st_name}, #{st_birth}, #{st_gender},	#{st_addr},	#{st_phone}, #{st_parent_phone}, #{st_grade}, #{tc_no})
	</insert>
	
	
    <!-- 학생 번호로 학생 정보 수정하기 -->	
	<update id="UpdateStudent" parameterType="schoolVO">
    	update student
    	set st_name=#{st_name}, st_birth=#{st_birth}, st_gender=#{st_gender}, st_addr=#{st_addr}, st_phone=#{st_phone}, st_parent_phone=#{st_parent_phone}, st_grade=#{st_grade}, tc_no=#{tc_no}
    	where st_no=#{st_no}
	</update>
	
    <!-- 학생 번호로 학생 정보 삭제하기 -->	
	<delete id="DeleteStudent" parameterType="String">
		delete 
		from student
		where st_no=#{stNo}
	</delete>
	
	<!-- 학생 성적 정보 조회하기 -->
	<select id="StudentGrade" resultMap="Result">
		select student.st_no, grade.semester, grade.sub_no, grade.score
		from student 
		join grade on student.st_no=grade.st_no 
		where student.st_no=#{stNo}
	</select>
	
	<!-- 학생 출석 조회하기 -->
	<select id="selectAttendance" parameterType="map"
		resultType="com.project.sc.vo.SchoolVO">
		select *
		from attendance
		where st_no = #{st_no}
		and attendance_date between #{startDate} and #{endDate}
	</select>
	
	<!-- 학생 출결 상태 업데이트 -->
	<update id="updateAttendance" parameterType="map">
		update attendance
		set attendance_status = #{newStatus}
		where attendance_no = #{attendanceNo}
	</update>
</mapper>